forecast_id,forecast_date,asset_type,model_version,ticker,symbol,benchmark,current_price,primary_scenario,primary_probability,secondary_scenario,secondary_probability,risk_scenario,risk_probability,confluence_score,market_context,sector_context,price_structure_score,volume_confirmation_score,relative_strength_score,news_event_score,alpha_score,outperformance_probability_20d,expected_return_60d,max_drawdown_risk_60d,risk_reward_ratio,data_quality,next_day_expected_range,trigger_levels,stock_specific_drivers,expected_price_by_horizon,actual_1d_return,actual_3d_return,actual_5d_return,actual_10d_return,actual_20d_return,actual_60d_return,actual_return_1d,actual_return_3d,actual_return_5d,actual_return_10d,actual_return_20d,actual_return_60d,primary_hit_1d,primary_hit_3d,primary_hit_5d,primary_hit_10d,primary_hit_20d,primary_hit_60d,primary_hit,range_hit,path_error_1d,path_error_3d,path_error_5d,path_error_10d,path_error_20d,path_error_60d,validation_status,status,top_rank,candidate_type,radar_level,final_radar_score,alpha_quality_score,elasticity_score,catalyst_score,risk_score,expected_next_day_range,actual_next_day_return,actual_next_day_high_low_range,whether_top10_candidate
7c6ae44bdab605fc037b,2026-06-15,stock,stock_baseline_v1,AAPL,AAPL,QQQ,295.69000244140625,stock_failed_bounce,0.2673,stock_downside_continuation,0.2254,stock_failed_bounce,0.2673,16.5,risk_off_pressure,,,,,,,,,,,,,,"{""conflicting"": [""大盘背景对个股路径形成压力。"", ""个股相对强弱弱于基准。"", ""财报、估值、公司新闻或个股期权数据缺失，个股置信度受限。""], ""missing"": [""fundamentals"", ""earnings"", ""company_news"", ""single_stock_options""], ""supporting"": [""当前没有足够强的多源支持证据。""]}","{""10d"": 293.14, ""1d"": 295.34, ""20d"": 292.82, ""3d"": 294.7, ""5d"": 294.06, ""60d"": 292.93}",,,,,,,,,,,,,,,,,,,,,,,,,,,not_yet_validated,pending,,,,,,,,,,,,false
f4a6f0c7b4f76950ab31,2026-06-15,stock,stock_baseline_v1,AMD,AMD,QQQ,551.0250244140625,stock_trend_repair,0.2763,stock_failed_bounce,0.2036,stock_failed_bounce,0.2036,42.66,risk_off_pressure,,,,,,,,,,,,,,"{""conflicting"": [""大盘背景对个股路径形成压力。"", ""财报、估值、公司新闻或个股期权数据缺失，个股置信度受限。""], ""missing"": [""fundamentals"", ""earnings"", ""company_news"", ""single_stock_options""], ""supporting"": [""个股相对强弱优于基准。"", ""价格站在 20d 均线上方。""]}","{""10d"": 546.97, ""1d"": 550.35, ""20d"": 548.88, ""3d"": 549.12, ""5d"": 547.96, ""60d"": 554.23}",,,,,,,,,,,,,,,,,,,,,,,,,,,not_yet_validated,pending,,,,,,,,,,,,false
2fdb35f3138c6dd005f4,2026-06-15,stock,stock_baseline_v1,BABA,BABA,QQQ,113.18499755859375,stock_downside_continuation,0.2847,stock_failed_bounce,0.2324,stock_downside_continuation,0.2847,14.73,risk_off_pressure,,,,,,,,,,,,,,"{""conflicting"": [""大盘背景对个股路径形成压力。"", ""价格仍在 50d 均线下方。"", ""财报、估值、公司新闻或个股期权数据缺失，个股置信度受限。""], ""missing"": [""fundamentals"", ""earnings"", ""company_news"", ""single_stock_options""], ""supporting"": [""当前没有足够强的多源支持证据。""]}","{""10d"": 111.89, ""1d"": 113.0, ""20d"": 111.69, ""3d"": 112.67, ""5d"": 112.35, ""60d"": 111.69}",,,,,,,,,,,,,,,,,,,,,,,,,,,not_yet_validated,pending,,,,,,,,,,,,false
521e86d438cee785f47d,2026-06-15,stock,stock_baseline_v1,CEG,CEG,SPY,262.3500061035156,stock_downside_continuation,0.2448,stock_failed_bounce,0.2396,stock_downside_continuation,0.2448,19.92,risk_off_pressure,conflicting,44.15,42.66,14.57,35,,,,,,50.0,"{""expected"": 261.88, ""lower"": 256.62, ""upper"": 267.13}","{""bounce_target_zone"": {""base"": 268.76, ""conservative"": 268.76, ""extended"": 318.99, ""meaning"": ""概率反抽情景参考区间，不是目标价承诺。"", ""not_trading_instruction"": true, ""source"": ""scenario_path + atr + recent_resistance""}, ""breakdown_level"": {""confidence"": ""low"", ""distance_pct"": -0.0832, ""meaning"": ""跌破该价位说明个股跌破结构风险上升"", ""not_trading_instruction"": true, ""price"": 240.51, ""source"": ""recent_low + risk_activation""}, ""breakout_level"": {""confidence"": ""low"", ""distance_pct"": 0.1833, ""meaning"": ""突破该价位说明个股突破情景需要重新评估"", ""not_trading_instruction"": true, ""price"": 310.45, ""source"": ""recent_high + primary_confirmation""}, ""failed_bounce_warning_zone"": {""critical_warning"": 240.51, ""first_warning"": 257.22, ""meaning"": ""跌入该区间说明失败反抽风险上升。"", ""not_trading_instruction"": true, ""source"": ""risk_path + atr + recent_support""}, ""nearest_resistance"": {""confidence"": ""low"", ""distance_pct"": 0.0488, ""meaning"": ""最近阻力代理，来自近期高点和 ATR 区间"", ""not_trading_instruction"": true, ""price"": 275.16, ""source"": ""price_structure + volatility_band""}, ""nearest_support"": {""confidence"": ""low"", ""distance_pct"": -0.0326, ""meaning"": ""最近支撑代理，来自近期低点和 ATR 区间"", ""not_trading_instruction"": true, ""price"": 253.81, ""source"": ""price_structure + volatility_band""}, ""primary_confirmation_level"": {""confidence"": ""low"", ""distance_pct"": 0.1833, ""meaning"": ""站上该价位说明个股主路径正在兑现"", ""not_trading_instruction"": true, ""price"": 310.45, ""source"": ""price_structure + scenario_path""}, ""primary_invalidation_level"": {""confidence"": ""low"", ""distance_pct"": -0.0832, ""meaning"": ""跌破该价位说明个股主路径失效概率上升"", ""not_trading_instruction"": true, ""price"": 240.51, ""source"": ""recent_low + volatility_band""}, ""risk_scenario_activation_level"": {""confidence"": ""low"", ""distance_pct"": -0.0832, ""meaning"": ""跌破该价位说明个股风险路径权重上升"", ""not_trading_instruction"": true, ""price"": 240.51, ""source"": ""volatility_band""}, ""trend_repair_confirmation_level"": {""confidence"": ""low"", ""distance_pct"": 0.1833, ""meaning"": ""突破该价位说明个股趋势修复概率提高"", ""not_trading_instruction"": true, ""price"": 310.45, ""source"": ""recent_high + scenario_path""}}","{""conflicting"": [""大盘风险背景压低个股置信度"", ""个股弱于所属板块"", ""个股相对弱于大盘/benchmark"", ""主路径和第二路径差距较小""], ""market_context"": ""risk_off_pressure"", ""missing"": [""company_news"", ""earnings"", ""fundamentals"", ""fundamentals_earnings"", ""news_event"", ""options_volatility"", ""single_stock_options""], ""price_close"": 262.3500061035156, ""sector_relative_strength_20d"": -0.038, ""supporting"": [""历史相似结构支持主路径""]}","{""10d"": 258.99, ""1d"": 261.88, ""20d"": 258.57, ""3d"": 261.03, ""5d"": 260.2, ""60d"": 258.72}",,,,,,,,,,,,,,,,,,,,,,,,,,,not_yet_validated,pending,,,,,,,,,,,,false
e8d06de028d2e3a067fe,2026-06-15,stock,stock_baseline_v1,JD,JD,QQQ,28.815000534057617,stock_downside_continuation,0.2296,stock_bounce,0.205,stock_downside_continuation,0.2296,0,risk_off_pressure,,,,,,,,,,,,,,"{""conflicting"": [""大盘背景对个股路径形成压力。"", ""个股相对强弱弱于基准。"", ""价格仍在 50d 均线下方。"", ""财报、估值、公司新闻或个股期权数据缺失，个股置信度受限。""], ""missing"": [""fundamentals"", ""earnings"", ""company_news"", ""single_stock_options""], ""supporting"": [""当前没有足够强的多源支持证据。""]}","{""10d"": 28.68, ""1d"": 28.8, ""20d"": 28.68, ""3d"": 28.76, ""5d"": 28.73, ""60d"": 28.72}",,,,,,,,,,,,,,,,,,,,,,,,,,,not_yet_validated,pending,,,,,,,,,,,,false
95e8e71779de9a2ba5b3,2026-06-15,stock,stock_baseline_v1,KC,KC,QQQ,11.295000076293945,stock_downside_continuation,0.2973,stock_bounce,0.2359,stock_downside_continuation,0.2973,0,risk_off_pressure,,,,,,,,,,,,,,"{""conflicting"": [""大盘背景对个股路径形成压力。"", ""价格仍在 50d 均线下方。"", ""财报、估值、公司新闻或个股期权数据缺失，个股置信度受限。""], ""missing"": [""fundamentals"", ""earnings"", ""company_news"", ""single_stock_options""], ""supporting"": [""当前没有足够强的多源支持证据。""]}","{""10d"": 11.17, ""1d"": 11.27, ""20d"": 11.16, ""3d"": 11.24, ""5d"": 11.21, ""60d"": 11.19}",,,,,,,,,,,,,,,,,,,,,,,,,,,not_yet_validated,pending,,,,,,,,,,,,false
fbca51d1baa4e1cb293d,2026-06-15,stock,stock_baseline_v1,META,META,QQQ,590.9099731445312,stock_downside_continuation,0.2563,stock_failed_bounce,0.2516,stock_downside_continuation,0.2563,16.75,risk_off_pressure,,,,,,,,,,,,,,"{""conflicting"": [""大盘背景对个股路径形成压力。"", ""个股相对强弱弱于基准。"", ""价格仍在 50d 均线下方。"", ""财报、估值、公司新闻或个股期权数据缺失，个股置信度受限。""], ""missing"": [""fundamentals"", ""earnings"", ""company_news"", ""single_stock_options""], ""supporting"": [""当前没有足够强的多源支持证据。""]}","{""10d"": 583.17, ""1d"": 589.79, ""20d"": 582.09, ""3d"": 587.82, ""5d"": 585.91, ""60d"": 582.22}",,,,,,,,,,,,,,,,,,,,,,,,,,,not_yet_validated,pending,,,,,,,,,,,,false
7cdca23ef3b4fb2c9a76,2026-06-15,stock,stock_baseline_v1,MSFT,MSFT,QQQ,397.9700012207031,stock_failed_bounce,0.2589,stock_downside_continuation,0.248,stock_failed_bounce,0.2589,12.82,risk_off_pressure,,,,,,,,,,,,,,"{""conflicting"": [""大盘背景对个股路径形成压力。"", ""个股相对强弱弱于基准。"", ""价格仍在 50d 均线下方。"", ""财报、估值、公司新闻或个股期权数据缺失，个股置信度受限。""], ""missing"": [""fundamentals"", ""earnings"", ""company_news"", ""single_stock_options""], ""supporting"": [""当前没有足够强的多源支持证据。""]}","{""10d"": 393.56, ""1d"": 397.36, ""20d"": 393.0, ""3d"": 396.26, ""5d"": 395.17, ""60d"": 393.15}",,,,,,,,,,,,,,,,,,,,,,,,,,,not_yet_validated,pending,,,,,,,,,,,,false
fca1118c0e7a76fc3755,2026-06-15,stock,stock_baseline_v1,NVDA,NVDA,QQQ,209.42999267578125,stock_downside_continuation,0.2065,stock_failed_bounce,0.2042,stock_downside_continuation,0.2065,8.0,risk_off_pressure,,,,,,,,,,,,,,"{""conflicting"": [""大盘背景对个股路径形成压力。"", ""个股相对强弱弱于基准。"", ""财报、估值、公司新闻或个股期权数据缺失，个股置信度受限。""], ""missing"": [""fundamentals"", ""earnings"", ""company_news"", ""single_stock_options""], ""supporting"": [""当前没有足够强的多源支持证据。""]}","{""10d"": 207.89, ""1d"": 209.22, ""20d"": 207.92, ""3d"": 208.83, ""5d"": 208.44, ""60d"": 208.47}",,,,,,,,,,,,,,,,,,,,,,,,,,,not_yet_validated,pending,,,,,,,,,,,,false
9d97048af3744e5d6a1c,2026-06-15,stock,stock_baseline_v1,PLTR,PLTR,QQQ,132.2100067138672,stock_failed_bounce,0.2473,stock_downside_continuation,0.2215,stock_failed_bounce,0.2473,13.87,risk_off_pressure,,,,,,,,,,,,,,"{""conflicting"": [""大盘背景对个股路径形成压力。"", ""个股相对强弱弱于基准。"", ""价格仍在 50d 均线下方。"", ""财报、估值、公司新闻或个股期权数据缺失，个股置信度受限。""], ""missing"": [""fundamentals"", ""earnings"", ""company_news"", ""single_stock_options""], ""supporting"": [""当前没有足够强的多源支持证据。""]}","{""10d"": 130.02, ""1d"": 131.92, ""20d"": 129.79, ""3d"": 131.37, ""5d"": 130.83, ""60d"": 129.97}",,,,,,,,,,,,,,,,,,,,,,,,,,,not_yet_validated,pending,,,,,,,,,,,,false
4bc19f61122974e65815,2026-06-15,stock,stock_baseline_v1,SMCI,SMCI,QQQ,31.360000610351562,stock_failed_bounce,0.3254,stock_downside_continuation,0.1733,stock_failed_bounce,0.3254,25.38,risk_off_pressure,,,,,,,,,,,,,,"{""conflicting"": [""大盘背景对个股路径形成压力。"", ""个股相对强弱弱于基准。"", ""价格仍在 50d 均线下方。"", ""财报、估值、公司新闻或个股期权数据缺失，个股置信度受限。""], ""missing"": [""fundamentals"", ""earnings"", ""company_news"", ""single_stock_options""], ""supporting"": [""当前没有足够强的多源支持证据。""]}","{""10d"": 29.87, ""1d"": 31.19, ""20d"": 29.73, ""3d"": 30.82, ""5d"": 30.45, ""60d"": 29.83}",,,,,,,,,,,,,,,,,,,,,,,,,,,not_yet_validated,pending,,,,,,,,,,,,false
a2929a38786251b47441,2026-06-15,stock,stock_baseline_v1,SMR,SMR,IWM,10.640000343322754,stock_downside_continuation,0.2377,stock_failed_bounce,0.2239,stock_downside_continuation,0.2377,13.84,risk_off_pressure,conflicting,31.66,44.98,2.28,35,,,,,,50.0,"{""expected"": 10.59, ""lower"": 10.01, ""upper"": 11.17}","{""bounce_target_zone"": {""base"": 11.35, ""conservative"": 11.35, ""extended"": 15.25, ""meaning"": ""概率反抽情景参考区间，不是目标价承诺。"", ""not_trading_instruction"": true, ""source"": ""scenario_path + atr + recent_resistance""}, ""breakdown_level"": {""confidence"": ""low"", ""distance_pct"": -0.1429, ""meaning"": ""跌破该价位说明个股跌破结构风险上升"", ""not_trading_instruction"": true, ""price"": 9.12, ""source"": ""recent_low + risk_activation""}, ""breakout_level"": {""confidence"": ""low"", ""distance_pct"": 0.344, ""meaning"": ""突破该价位说明个股突破情景需要重新评估"", ""not_trading_instruction"": true, ""price"": 14.3, ""source"": ""recent_high + primary_confirmation""}, ""failed_bounce_warning_zone"": {""critical_warning"": 9.12, ""first_warning"": 10.07, ""meaning"": ""跌入该区间说明失败反抽风险上升。"", ""not_trading_instruction"": true, ""source"": ""risk_path + atr + recent_support""}, ""nearest_resistance"": {""confidence"": ""low"", ""distance_pct"": 0.1334, ""meaning"": ""最近阻力代理，来自近期高点和 ATR 区间"", ""not_trading_instruction"": true, ""price"": 12.06, ""source"": ""price_structure + volatility_band""}, ""nearest_support"": {""confidence"": ""low"", ""distance_pct"": -0.089, ""meaning"": ""最近支撑代理，来自近期低点和 ATR 区间"", ""not_trading_instruction"": true, ""price"": 9.69, ""source"": ""price_structure + volatility_band""}, ""primary_confirmation_level"": {""confidence"": ""low"", ""distance_pct"": 0.344, ""meaning"": ""站上该价位说明个股主路径正在兑现"", ""not_trading_instruction"": true, ""price"": 14.3, ""source"": ""price_structure + scenario_path""}, ""primary_invalidation_level"": {""confidence"": ""low"", ""distance_pct"": -0.1429, ""meaning"": ""跌破该价位说明个股主路径失效概率上升"", ""not_trading_instruction"": true, ""price"": 9.12, ""source"": ""recent_low + volatility_band""}, ""risk_scenario_activation_level"": {""confidence"": ""low"", ""distance_pct"": -0.1429, ""meaning"": ""跌破该价位说明个股风险路径权重上升"", ""not_trading_instruction"": true, ""price"": 9.12, ""source"": ""volatility_band""}, ""trend_repair_confirmation_level"": {""confidence"": ""low"", ""distance_pct"": 0.344, ""meaning"": ""突破该价位说明个股趋势修复概率提高"", ""not_trading_instruction"": true, ""price"": 14.3, ""source"": ""recent_high + scenario_path""}}","{""conflicting"": [""大盘风险背景压低个股置信度"", ""个股弱于所属板块"", ""价格结构与主路径冲突"", ""个股相对弱于大盘/benchmark"", ""历史相似结构与主路径冲突"", ""主路径和第二路径差距较小""], ""market_context"": ""risk_off_pressure"", ""missing"": [""company_news"", ""earnings"", ""fundamentals"", ""fundamentals_earnings"", ""news_event"", ""options_volatility"", ""single_stock_options""], ""price_close"": 10.640000343322754, ""sector_relative_strength_20d"": -0.0724, ""supporting"": [""当前没有足够强的多源支持证据。""]}","{""10d"": 10.3, ""1d"": 10.59, ""20d"": 10.26, ""3d"": 10.5, ""5d"": 10.42, ""60d"": 10.29}",,,,,,,,,,,,,,,,,,,,,,,,,,,not_yet_validated,pending,,,,,,,,,,,,false
002b035b4b69057a1cb5,2026-06-15,stock,stock_baseline_v1,TSLA,TSLA,QQQ,411.5400085449219,stock_failed_bounce,0.2059,stock_bounce,0.1891,stock_failed_bounce,0.2059,0,risk_off_pressure,,,,,,,,,,,,,,"{""conflicting"": [""大盘背景对个股路径形成压力。"", ""个股相对强弱弱于基准。"", ""财报、估值、公司新闻或个股期权数据缺失，个股置信度受限。""], ""missing"": [""fundamentals"", ""earnings"", ""company_news"", ""single_stock_options""], ""supporting"": [""当前没有足够强的多源支持证据。""]}","{""10d"": 408.73, ""1d"": 411.19, ""20d"": 408.97, ""3d"": 410.47, ""5d"": 409.75, ""60d"": 410.33}",,,,,,,,,,,,,,,,,,,,,,,,,,,not_yet_validated,pending,,,,,,,,,,,,false
81518db5a98b93a7e5d8,2026-06-16,stock,stock_baseline_v1,CEG,CEG,SPY,268.0,stock_failed_bounce,0.2514,stock_downside_continuation,0.238,stock_failed_bounce,0.2514,37.48,risk_off_pressure,neutral,52.33,58.52,32.69,68.66,24.5,0.4837,-0.0122,0.1697,0.45,87.5,"{""expected"": 267.58, ""lower"": 262.48, ""upper"": 272.68}","{""bounce_target_zone"": {""base"": 274.22, ""conservative"": 274.22, ""extended"": 318.74, ""meaning"": ""概率反抽情景参考区间，不是目标价承诺。"", ""not_trading_instruction"": true, ""source"": ""scenario_path + atr + recent_resistance""}, ""breakdown_level"": {""confidence"": ""low"", ""distance_pct"": -0.1026, ""meaning"": ""跌破该价位说明个股跌破结构风险上升"", ""not_trading_instruction"": true, ""price"": 240.51, ""source"": ""recent_low + risk_activation""}, ""breakout_level"": {""confidence"": ""low"", ""distance_pct"": 0.1584, ""meaning"": ""突破该价位说明个股突破情景需要重新评估"", ""not_trading_instruction"": true, ""price"": 310.45, ""source"": ""recent_high + primary_confirmation""}, ""failed_bounce_warning_zone"": {""critical_warning"": 240.51, ""first_warning"": 263.34, ""meaning"": ""跌入该区间说明失败反抽风险上升。"", ""not_trading_instruction"": true, ""source"": ""risk_path + atr + recent_support""}, ""nearest_resistance"": {""confidence"": ""low"", ""distance_pct"": 0.0464, ""meaning"": ""最近阻力代理，来自近期高点和 ATR 区间"", ""not_trading_instruction"": true, ""price"": 280.44, ""source"": ""price_structure + volatility_band""}, ""nearest_support"": {""confidence"": ""low"", ""distance_pct"": -0.0309, ""meaning"": ""最近支撑代理，来自近期低点和 ATR 区间"", ""not_trading_instruction"": true, ""price"": 259.71, ""source"": ""price_structure + volatility_band""}, ""primary_confirmation_level"": {""confidence"": ""low"", ""distance_pct"": 0.1584, ""meaning"": ""站上该价位说明个股主路径正在兑现"", ""not_trading_instruction"": true, ""price"": 310.45, ""source"": ""price_structure + scenario_path""}, ""primary_invalidation_level"": {""confidence"": ""low"", ""distance_pct"": -0.1026, ""meaning"": ""跌破该价位说明个股主路径失效概率上升"", ""not_trading_instruction"": true, ""price"": 240.51, ""source"": ""recent_low + volatility_band""}, ""risk_scenario_activation_level"": {""confidence"": ""low"", ""distance_pct"": -0.1026, ""meaning"": ""跌破该价位说明个股风险路径权重上升"", ""not_trading_instruction"": true, ""price"": 240.51, ""source"": ""volatility_band""}, ""trend_repair_confirmation_level"": {""confidence"": ""low"", ""distance_pct"": 0.1584, ""meaning"": ""突破该价位说明个股趋势修复概率提高"", ""not_trading_instruction"": true, ""price"": 310.45, ""source"": ""recent_high + scenario_path""}}","{""conflicting"": [""大盘风险背景压低个股置信度"", ""个股相对弱于大盘/benchmark"", ""个股 Alpha 评分已接入"", ""主路径和第二路径差距较小""], ""market_context"": ""risk_off_pressure"", ""missing"": [""options_volatility"", ""single_stock_options""], ""price_close"": 268.0, ""sector_relative_strength_20d"": -0.0026, ""supporting"": [""近期公司新闻偏支持"", ""基础财务指标偏支持""]}","{""10d"": 264.87, ""1d"": 267.58, ""20d"": 264.53, ""3d"": 266.8, ""5d"": 266.02, ""60d"": 264.74}",,,,,,,,,,,,,,,,,,,,,,,,,,,not_yet_validated,pending,,,,,,,,,,,,false
b51373ec1a9e8a7a3016,2026-06-16,stock,stock_baseline_v1,NVDA,NVDA,QQQ,207.41000366210938,stock_failed_bounce,0.2658,stock_downside_continuation,0.2434,stock_failed_bounce,0.2658,37.26,risk_off_pressure,conflicting,44.18,33.36,27.05,100,34.5,0.4372,-0.0165,0.1531,0.46,87.5,"{""expected"": 206.97, ""lower"": 202.86, ""upper"": 211.08}","{""bounce_target_zone"": {""base"": 212.43, ""conservative"": 212.43, ""extended"": 238.97, ""meaning"": ""概率反抽情景参考区间，不是目标价承诺。"", ""not_trading_instruction"": true, ""source"": ""scenario_path + atr + recent_resistance""}, ""breakdown_level"": {""confidence"": ""low"", ""distance_pct"": -0.0444, ""meaning"": ""跌破该价位说明个股跌破结构风险上升"", ""not_trading_instruction"": true, ""price"": 198.21, ""source"": ""recent_low + risk_activation""}, ""breakout_level"": {""confidence"": ""low"", ""distance_pct"": 0.1199, ""meaning"": ""突破该价位说明个股突破情景需要重新评估"", ""not_trading_instruction"": true, ""price"": 232.28, ""source"": ""recent_high + primary_confirmation""}, ""failed_bounce_warning_zone"": {""critical_warning"": 199.34, ""first_warning"": 203.65, ""meaning"": ""跌入该区间说明失败反抽风险上升。"", ""not_trading_instruction"": true, ""source"": ""risk_path + atr + recent_support""}, ""nearest_resistance"": {""confidence"": ""low"", ""distance_pct"": 0.0484, ""meaning"": ""最近阻力代理，来自近期高点和 ATR 区间"", ""not_trading_instruction"": true, ""price"": 217.45, ""source"": ""price_structure + volatility_band""}, ""nearest_support"": {""confidence"": ""low"", ""distance_pct"": -0.0323, ""meaning"": ""最近支撑代理，来自近期低点和 ATR 区间"", ""not_trading_instruction"": true, ""price"": 200.72, ""source"": ""price_structure + volatility_band""}, ""primary_confirmation_level"": {""confidence"": ""low"", ""distance_pct"": 0.1199, ""meaning"": ""站上该价位说明个股主路径正在兑现"", ""not_trading_instruction"": true, ""price"": 232.28, ""source"": ""price_structure + scenario_path""}, ""primary_invalidation_level"": {""confidence"": ""low"", ""distance_pct"": -0.0389, ""meaning"": ""跌破该价位说明个股主路径失效概率上升"", ""not_trading_instruction"": true, ""price"": 199.34, ""source"": ""recent_low + volatility_band""}, ""risk_scenario_activation_level"": {""confidence"": ""low"", ""distance_pct"": -0.0444, ""meaning"": ""跌破该价位说明个股风险路径权重上升"", ""not_trading_instruction"": true, ""price"": 198.21, ""source"": ""volatility_band""}, ""trend_repair_confirmation_level"": {""confidence"": ""low"", ""distance_pct"": 0.1199, ""meaning"": ""突破该价位说明个股趋势修复概率提高"", ""not_trading_instruction"": true, ""price"": 232.28, ""source"": ""recent_high + scenario_path""}}","{""conflicting"": [""大盘风险背景压低个股置信度"", ""个股弱于所属板块"", ""成交量不确认当前路径"", ""个股相对弱于大盘/benchmark"", ""公司新闻或财报事件风险上升"", ""个股 Alpha 评分已接入"", ""主路径和第二路径差距较小""], ""market_context"": ""risk_off_pressure"", ""missing"": [""options_volatility"", ""single_stock_options""], ""price_close"": 207.41000366210938, ""sector_relative_strength_20d"": -0.1363, ""supporting"": [""基础财务指标偏支持"", ""历史相似结构支持主路径""]}","{""10d"": 204.34, ""1d"": 206.97, ""20d"": 203.92, ""3d"": 206.19, ""5d"": 205.43, ""60d"": 203.98}",,,,,,,,,,,,,,,,,,,,,,,,,,,not_yet_validated,pending,,,,,,,,,,,,false
87f6590a85eb1aaabfcc,2026-06-16,stock,stock_baseline_v1,SMR,SMR,IWM,9.890000343322754,stock_downside_continuation,0.2419,stock_failed_bounce,0.2075,stock_downside_continuation,0.2419,28.21,risk_off_pressure,conflicting,13.58,40.7,50.0,53.96,0,0.2882,-0.0303,0.4609,0.59,87.5,"{""expected"": 9.85, ""lower"": 9.26, ""upper"": 10.44}","{""bounce_target_zone"": {""base"": 10.61, ""conservative"": 10.61, ""extended"": 15.26, ""meaning"": ""概率反抽情景参考区间，不是目标价承诺。"", ""not_trading_instruction"": true, ""source"": ""scenario_path + atr + recent_resistance""}, ""breakdown_level"": {""confidence"": ""low"", ""distance_pct"": -0.1335, ""meaning"": ""跌破该价位说明个股跌破结构风险上升"", ""not_trading_instruction"": true, ""price"": 8.57, ""source"": ""recent_low + risk_activation""}, ""breakout_level"": {""confidence"": ""low"", ""distance_pct"": 0.4459, ""meaning"": ""突破该价位说明个股突破情景需要重新评估"", ""not_trading_instruction"": true, ""price"": 14.3, ""source"": ""recent_high + primary_confirmation""}, ""failed_bounce_warning_zone"": {""critical_warning"": 8.63, ""first_warning"": 9.31, ""meaning"": ""跌入该区间说明失败反抽风险上升。"", ""not_trading_instruction"": true, ""source"": ""risk_path + atr + recent_support""}, ""nearest_resistance"": {""confidence"": ""low"", ""distance_pct"": 0.1456, ""meaning"": ""最近阻力代理，来自近期高点和 ATR 区间"", ""not_trading_instruction"": true, ""price"": 11.33, ""source"": ""price_structure + volatility_band""}, ""nearest_support"": {""confidence"": ""low"", ""distance_pct"": -0.0779, ""meaning"": ""最近支撑代理，来自近期低点和 ATR 区间"", ""not_trading_instruction"": true, ""price"": 9.12, ""source"": ""price_structure + volatility_band""}, ""primary_confirmation_level"": {""confidence"": ""low"", ""distance_pct"": 0.4459, ""meaning"": ""站上该价位说明个股主路径正在兑现"", ""not_trading_instruction"": true, ""price"": 14.3, ""source"": ""price_structure + scenario_path""}, ""primary_invalidation_level"": {""confidence"": ""low"", ""distance_pct"": -0.0789, ""meaning"": ""跌破该价位说明个股主路径失效概率上升"", ""not_trading_instruction"": true, ""price"": 9.11, ""source"": ""recent_low + volatility_band""}, ""risk_scenario_activation_level"": {""confidence"": ""low"", ""distance_pct"": -0.1335, ""meaning"": ""跌破该价位说明个股风险路径权重上升"", ""not_trading_instruction"": true, ""price"": 8.57, ""source"": ""volatility_band""}, ""trend_repair_confirmation_level"": {""confidence"": ""low"", ""distance_pct"": 0.4459, ""meaning"": ""突破该价位说明个股趋势修复概率提高"", ""not_trading_instruction"": true, ""price"": 14.3, ""source"": ""recent_high + scenario_path""}}","{""conflicting"": [""大盘风险背景压低个股置信度"", ""个股弱于所属板块"", ""价格结构与主路径冲突"", ""成交量不确认当前路径"", ""基础财务指标偏弱"", ""历史相似结构与主路径冲突"", ""个股 Alpha 评分已接入"", ""主路径和第二路径差距较小""], ""market_context"": ""risk_off_pressure"", ""missing"": [""options_volatility"", ""single_stock_options""], ""price_close"": 9.890000343322754, ""sector_relative_strength_20d"": -0.0818, ""supporting"": [""当前没有足够强的多源支持证据。""]}","{""10d"": 9.58, ""1d"": 9.85, ""20d"": 9.56, ""3d"": 9.77, ""5d"": 9.69, ""60d"": 9.59}",,,,,,,,,,,,,,,,,,,,,,,,,,,not_yet_validated,pending,,,,,,,,,,,,false
546628ce69369fa7603f,2026-06-16,stock,stock_baseline_v1,TSLA,TSLA,QQQ,404.6600036621094,stock_failed_bounce,0.2643,stock_downside_continuation,0.2127,stock_failed_bounce,0.2643,33.03,risk_off_pressure,conflicting,49.45,35.95,27.67,100,0,0.3424,-0.0154,0.1672,0.47,87.5,"{""expected"": 403.85, ""lower"": 395.1, ""upper"": 412.61}","{""bounce_target_zone"": {""base"": 415.33, ""conservative"": 415.33, ""extended"": 459.83, ""meaning"": ""概率反抽情景参考区间，不是目标价承诺。"", ""not_trading_instruction"": true, ""source"": ""scenario_path + atr + recent_resistance""}, ""breakdown_level"": {""confidence"": ""low"", ""distance_pct"": -0.0606, ""meaning"": ""跌破该价位说明个股跌破结构风险上升"", ""not_trading_instruction"": true, ""price"": 380.15, ""source"": ""recent_low + risk_activation""}, ""breakout_level"": {""confidence"": ""low"", ""distance_pct"": 0.1012, ""meaning"": ""突破该价位说明个股突破情景需要重新评估"", ""not_trading_instruction"": true, ""price"": 445.6, ""source"": ""recent_high + primary_confirmation""}, ""failed_bounce_warning_zone"": {""critical_warning"": 380.15, ""first_warning"": 396.66, ""meaning"": ""跌入该区间说明失败反抽风险上升。"", ""not_trading_instruction"": true, ""source"": ""risk_path + atr + recent_support""}, ""nearest_resistance"": {""confidence"": ""low"", ""distance_pct"": 0.0527, ""meaning"": ""最近阻力代理，来自近期高点和 ATR 区间"", ""not_trading_instruction"": true, ""price"": 426.0, ""source"": ""price_structure + volatility_band""}, ""nearest_support"": {""confidence"": ""low"", ""distance_pct"": -0.0352, ""meaning"": ""最近支撑代理，来自近期低点和 ATR 区间"", ""not_trading_instruction"": true, ""price"": 390.43, ""source"": ""price_structure + volatility_band""}, ""primary_confirmation_level"": {""confidence"": ""low"", ""distance_pct"": 0.1012, ""meaning"": ""站上该价位说明个股主路径正在兑现"", ""not_trading_instruction"": true, ""price"": 445.6, ""source"": ""price_structure + scenario_path""}, ""primary_invalidation_level"": {""confidence"": ""low"", ""distance_pct"": -0.0606, ""meaning"": ""跌破该价位说明个股主路径失效概率上升"", ""not_trading_instruction"": true, ""price"": 380.15, ""source"": ""recent_low + volatility_band""}, ""risk_scenario_activation_level"": {""confidence"": ""low"", ""distance_pct"": -0.0606, ""meaning"": ""跌破该价位说明个股风险路径权重上升"", ""not_trading_instruction"": true, ""price"": 380.15, ""source"": ""volatility_band""}, ""trend_repair_confirmation_level"": {""confidence"": ""low"", ""distance_pct"": 0.1012, ""meaning"": ""突破该价位说明个股趋势修复概率提高"", ""not_trading_instruction"": true, ""price"": 445.6, ""source"": ""recent_high + scenario_path""}}","{""conflicting"": [""大盘风险背景压低个股置信度"", ""个股弱于所属板块"", ""成交量不确认当前路径"", ""个股相对弱于大盘/benchmark"", ""公司新闻或财报事件风险上升"", ""历史相似结构与主路径冲突"", ""个股 Alpha 评分已接入"", ""主路径和第二路径差距较小""], ""market_context"": ""risk_off_pressure"", ""missing"": [""options_volatility"", ""single_stock_options""], ""price_close"": 404.6600036621094, ""sector_relative_strength_20d"": -0.0314, ""supporting"": [""基础财务指标已接入且收入增长为正。""]}","{""10d"": 398.79, ""1d"": 403.85, ""20d"": 398.11, ""3d"": 402.36, ""5d"": 400.91, ""60d"": 398.44}",,,,,,,,,,,,,,,,,,,,,,,,,,,not_yet_validated,pending,,,,,,,,,,,,false
07a6a1050fd910990c46,2026-06-17,stock,stock_baseline_v1,CEG,CEG,SPY,267.1700134277344,stock_failed_bounce,0.2512,stock_downside_continuation,0.2388,stock_failed_bounce,0.2512,39.12,risk_off_pressure,supportive,56.57,56.31,33.95,72,30.5,0.5141,-0.0121,0.1723,0.45,87.5,"{""expected"": 266.75, ""lower"": 261.69, ""upper"": 271.81}","{""bounce_target_zone"": {""base"": 273.33, ""conservative"": 273.33, ""extended"": 318.67, ""meaning"": ""概率反抽情景参考区间，不是目标价承诺。"", ""not_trading_instruction"": true, ""source"": ""scenario_path + atr + recent_resistance""}, ""breakdown_level"": {""confidence"": ""low"", ""distance_pct"": -0.0998, ""meaning"": ""跌破该价位说明个股跌破结构风险上升"", ""not_trading_instruction"": true, ""price"": 240.51, ""source"": ""recent_low + risk_activation""}, ""breakout_level"": {""confidence"": ""low"", ""distance_pct"": 0.162, ""meaning"": ""突破该价位说明个股突破情景需要重新评估"", ""not_trading_instruction"": true, ""price"": 310.45, ""source"": ""recent_high + primary_confirmation""}, ""failed_bounce_warning_zone"": {""critical_warning"": 240.51, ""first_warning"": 262.55, ""meaning"": ""跌入该区间说明失败反抽风险上升。"", ""not_trading_instruction"": true, ""source"": ""risk_path + atr + recent_support""}, ""nearest_resistance"": {""confidence"": ""low"", ""distance_pct"": 0.0461, ""meaning"": ""最近阻力代理，来自近期高点和 ATR 区间"", ""not_trading_instruction"": true, ""price"": 279.5, ""source"": ""price_structure + volatility_band""}, ""nearest_support"": {""confidence"": ""low"", ""distance_pct"": -0.0308, ""meaning"": ""最近支撑代理，来自近期低点和 ATR 区间"", ""not_trading_instruction"": true, ""price"": 258.95, ""source"": ""price_structure + volatility_band""}, ""primary_confirmation_level"": {""confidence"": ""low"", ""distance_pct"": 0.162, ""meaning"": ""站上该价位说明个股主路径正在兑现"", ""not_trading_instruction"": true, ""price"": 310.45, ""source"": ""price_structure + scenario_path""}, ""primary_invalidation_level"": {""confidence"": ""low"", ""distance_pct"": -0.0998, ""meaning"": ""跌破该价位说明个股主路径失效概率上升"", ""not_trading_instruction"": true, ""price"": 240.51, ""source"": ""recent_low + volatility_band""}, ""risk_scenario_activation_level"": {""confidence"": ""low"", ""distance_pct"": -0.0998, ""meaning"": ""跌破该价位说明个股风险路径权重上升"", ""not_trading_instruction"": true, ""price"": 240.51, ""source"": ""volatility_band""}, ""trend_repair_confirmation_level"": {""confidence"": ""low"", ""distance_pct"": 0.162, ""meaning"": ""突破该价位说明个股趋势修复概率提高"", ""not_trading_instruction"": true, ""price"": 310.45, ""source"": ""recent_high + scenario_path""}}","{""conflicting"": [""大盘风险背景压低个股置信度"", ""个股相对弱于大盘/benchmark"", ""历史相似结构与主路径冲突"", ""个股 Alpha 评分已接入"", ""主路径和第二路径差距较小""], ""market_context"": ""risk_off_pressure"", ""missing"": [""options_volatility"", ""single_stock_options""], ""price_close"": 267.1700134277344, ""sector_relative_strength_20d"": 0.0222, ""supporting"": [""个股跑赢所属板块"", ""近期公司新闻偏支持"", ""基础财务指标偏支持""]}","{""10d"": 264.08, ""1d"": 266.75, ""20d"": 263.74, ""3d"": 265.98, ""5d"": 265.21, ""60d"": 263.95}",,,,,,,,,,,,,,,,,,,,,,,,,,,not_yet_validated,pending,,,,,,,,,,,,false
1087ead084d3ed13ba3c,2026-06-17,stock,stock_baseline_v1,NVDA,NVDA,QQQ,204.64999389648438,stock_failed_bounce,0.2601,stock_downside_continuation,0.2493,stock_failed_bounce,0.2601,36.88,risk_off_pressure,conflicting,44.41,32.5,25.87,100,32.5,0.4282,-0.017,0.1573,0.46,87.5,"{""expected"": 204.21, ""lower"": 200.04, ""upper"": 208.37}","{""bounce_target_zone"": {""base"": 209.73, ""conservative"": 209.73, ""extended"": 239.05, ""meaning"": ""概率反抽情景参考区间，不是目标价承诺。"", ""not_trading_instruction"": true, ""source"": ""scenario_path + atr + recent_resistance""}, ""breakdown_level"": {""confidence"": ""low"", ""distance_pct"": -0.0455, ""meaning"": ""跌破该价位说明个股跌破结构风险上升"", ""not_trading_instruction"": true, ""price"": 195.34, ""source"": ""recent_low + risk_activation""}, ""breakout_level"": {""confidence"": ""low"", ""distance_pct"": 0.135, ""meaning"": ""突破该价位说明个股突破情景需要重新评估"", ""not_trading_instruction"": true, ""price"": 232.28, ""source"": ""recent_high + primary_confirmation""}, ""failed_bounce_warning_zone"": {""critical_warning"": 197.02, ""first_warning"": 200.84, ""meaning"": ""跌入该区间说明失败反抽风险上升。"", ""not_trading_instruction"": true, ""source"": ""risk_path + atr + recent_support""}, ""nearest_resistance"": {""confidence"": ""low"", ""distance_pct"": 0.0497, ""meaning"": ""最近阻力代理，来自近期高点和 ATR 区间"", ""not_trading_instruction"": true, ""price"": 214.81, ""source"": ""price_structure + volatility_band""}, ""nearest_support"": {""confidence"": ""low"", ""distance_pct"": -0.0259, ""meaning"": ""最近支撑代理，来自近期低点和 ATR 区间"", ""not_trading_instruction"": true, ""price"": 199.34, ""source"": ""price_structure + volatility_band""}, ""primary_confirmation_level"": {""confidence"": ""low"", ""distance_pct"": 0.135, ""meaning"": ""站上该价位说明个股主路径正在兑现"", ""not_trading_instruction"": true, ""price"": 232.28, ""source"": ""price_structure + scenario_path""}, ""primary_invalidation_level"": {""confidence"": ""low"", ""distance_pct"": -0.0269, ""meaning"": ""跌破该价位说明个股主路径失效概率上升"", ""not_trading_instruction"": true, ""price"": 199.15, ""source"": ""recent_low + volatility_band""}, ""risk_scenario_activation_level"": {""confidence"": ""low"", ""distance_pct"": -0.0455, ""meaning"": ""跌破该价位说明个股风险路径权重上升"", ""not_trading_instruction"": true, ""price"": 195.34, ""source"": ""volatility_band""}, ""trend_repair_confirmation_level"": {""confidence"": ""low"", ""distance_pct"": 0.135, ""meaning"": ""突破该价位说明个股趋势修复概率提高"", ""not_trading_instruction"": true, ""price"": 232.28, ""source"": ""recent_high + scenario_path""}}","{""conflicting"": [""大盘风险背景压低个股置信度"", ""个股弱于所属板块"", ""成交量不确认当前路径"", ""个股相对弱于大盘/benchmark"", ""公司新闻或财报事件风险上升"", ""个股 Alpha 评分已接入"", ""主路径和第二路径差距较小""], ""market_context"": ""risk_off_pressure"", ""missing"": [""options_volatility"", ""single_stock_options""], ""price_close"": 204.64999389648438, ""sector_relative_strength_20d"": -0.1448, ""supporting"": [""基础财务指标偏支持"", ""历史相似结构支持主路径""]}","{""10d"": 201.56, ""1d"": 204.21, ""20d"": 201.12, ""3d"": 203.41, ""5d"": 202.65, ""60d"": 201.17}",,,,,,,,,,,,,,,,,,,,,,,,,,,not_yet_validated,pending,,,,,,,,,,,,false
2eae000c78414bd95d85,2026-06-17,stock,stock_baseline_v1,SMR,SMR,IWM,10.34000015258789,stock_downside_continuation,0.2165,stock_failed_bounce,0.2129,stock_downside_continuation,0.2165,33.19,risk_off_pressure,supportive,41.7,68.64,17.99,66.86,10.0,0.3928,-0.0174,0.4412,0.65,87.5,"{""expected"": 10.31, ""lower"": 9.72, ""upper"": 10.9}","{""bounce_target_zone"": {""base"": 11.06, ""conservative"": 11.06, ""extended"": 15.26, ""meaning"": ""概率反抽情景参考区间，不是目标价承诺。"", ""not_trading_instruction"": true, ""source"": ""scenario_path + atr + recent_resistance""}, ""breakdown_level"": {""confidence"": ""low"", ""distance_pct"": -0.1277, ""meaning"": ""跌破该价位说明个股跌破结构风险上升"", ""not_trading_instruction"": true, ""price"": 9.02, ""source"": ""recent_low + risk_activation""}, ""breakout_level"": {""confidence"": ""low"", ""distance_pct"": 0.383, ""meaning"": ""突破该价位说明个股突破情景需要重新评估"", ""not_trading_instruction"": true, ""price"": 14.3, ""source"": ""recent_high + primary_confirmation""}, ""failed_bounce_warning_zone"": {""critical_warning"": 9.08, ""first_warning"": 9.76, ""meaning"": ""跌入该区间说明失败反抽风险上升。"", ""not_trading_instruction"": true, ""source"": ""risk_path + atr + recent_support""}, ""nearest_resistance"": {""confidence"": ""low"", ""distance_pct"": 0.1393, ""meaning"": ""最近阻力代理，来自近期高点和 ATR 区间"", ""not_trading_instruction"": true, ""price"": 11.78, ""source"": ""price_structure + volatility_band""}, ""nearest_support"": {""confidence"": ""low"", ""distance_pct"": -0.0929, ""meaning"": ""最近支撑代理，来自近期低点和 ATR 区间"", ""not_trading_instruction"": true, ""price"": 9.38, ""source"": ""price_structure + volatility_band""}, ""primary_confirmation_level"": {""confidence"": ""low"", ""distance_pct"": 0.383, ""meaning"": ""站上该价位说明个股主路径正在兑现"", ""not_trading_instruction"": true, ""price"": 14.3, ""source"": ""price_structure + scenario_path""}, ""primary_invalidation_level"": {""confidence"": ""low"", ""distance_pct"": -0.118, ""meaning"": ""跌破该价位说明个股主路径失效概率上升"", ""not_trading_instruction"": true, ""price"": 9.12, ""source"": ""recent_low + volatility_band""}, ""risk_scenario_activation_level"": {""confidence"": ""low"", ""distance_pct"": -0.1277, ""meaning"": ""跌破该价位说明个股风险路径权重上升"", ""not_trading_instruction"": true, ""price"": 9.02, ""source"": ""volatility_band""}, ""trend_repair_confirmation_level"": {""confidence"": ""low"", ""distance_pct"": 0.383, ""meaning"": ""突破该价位说明个股趋势修复概率提高"", ""not_trading_instruction"": true, ""price"": 14.3, ""source"": ""recent_high + scenario_path""}}","{""conflicting"": [""大盘风险背景压低个股置信度"", ""价格结构与主路径冲突"", ""个股相对弱于大盘/benchmark"", ""基础财务指标偏弱"", ""历史相似结构与主路径冲突"", ""个股 Alpha 评分已接入"", ""主路径和第二路径差距较小""], ""market_context"": ""risk_off_pressure"", ""missing"": [""options_volatility"", ""single_stock_options""], ""price_close"": 10.34000015258789, ""sector_relative_strength_20d"": 0.0251, ""supporting"": [""个股跑赢所属板块"", ""成交量确认当前路径"", ""近期公司新闻偏支持""]}","{""10d"": 10.1, ""1d"": 10.31, ""20d"": 10.09, ""3d"": 10.25, ""5d"": 10.19, ""60d"": 10.16}",,,,,,,,,,,,,,,,,,,,,,,,,,,not_yet_validated,pending,,,,,,,,,,,,false
2cd13b5ddb97252e74da,2026-06-17,stock,stock_baseline_v1,TSLA,TSLA,QQQ,396.3800048828125,stock_failed_bounce,0.261,stock_downside_continuation,0.2183,stock_failed_bounce,0.261,34.89,risk_off_pressure,neutral,46.3,38.58,24.26,100,0,0.3408,-0.0159,0.1737,0.48,87.5,"{""expected"": 395.56, ""lower"": 386.65, ""upper"": 404.47}","{""bounce_target_zone"": {""base"": 407.24, ""conservative"": 407.24, ""extended"": 460.09, ""meaning"": ""概率反抽情景参考区间，不是目标价承诺。"", ""not_trading_instruction"": true, ""source"": ""scenario_path + atr + recent_resistance""}, ""breakdown_level"": {""confidence"": ""low"", ""distance_pct"": -0.0502, ""meaning"": ""跌破该价位说明个股跌破结构风险上升"", ""not_trading_instruction"": true, ""price"": 376.46, ""source"": ""recent_low + risk_activation""}, ""breakout_level"": {""confidence"": ""low"", ""distance_pct"": 0.1242, ""meaning"": ""突破该价位说明个股突破情景需要重新评估"", ""not_trading_instruction"": true, ""price"": 445.6, ""source"": ""recent_high + primary_confirmation""}, ""failed_bounce_warning_zone"": {""critical_warning"": 380.08, ""first_warning"": 388.23, ""meaning"": ""跌入该区间说明失败反抽风险上升。"", ""not_trading_instruction"": true, ""source"": ""risk_path + atr + recent_support""}, ""nearest_resistance"": {""confidence"": ""low"", ""distance_pct"": 0.0548, ""meaning"": ""最近阻力代理，来自近期高点和 ATR 区间"", ""not_trading_instruction"": true, ""price"": 418.11, ""source"": ""price_structure + volatility_band""}, ""nearest_support"": {""confidence"": ""low"", ""distance_pct"": -0.0365, ""meaning"": ""最近支撑代理，来自近期低点和 ATR 区间"", ""not_trading_instruction"": true, ""price"": 381.89, ""source"": ""price_structure + volatility_band""}, ""primary_confirmation_level"": {""confidence"": ""low"", ""distance_pct"": 0.1242, ""meaning"": ""站上该价位说明个股主路径正在兑现"", ""not_trading_instruction"": true, ""price"": 445.6, ""source"": ""price_structure + scenario_path""}, ""primary_invalidation_level"": {""confidence"": ""low"", ""distance_pct"": -0.0409, ""meaning"": ""跌破该价位说明个股主路径失效概率上升"", ""not_trading_instruction"": true, ""price"": 380.15, ""source"": ""recent_low + volatility_band""}, ""risk_scenario_activation_level"": {""confidence"": ""low"", ""distance_pct"": -0.0502, ""meaning"": ""跌破该价位说明个股风险路径权重上升"", ""not_trading_instruction"": true, ""price"": 376.46, ""source"": ""volatility_band""}, ""trend_repair_confirmation_level"": {""confidence"": ""low"", ""distance_pct"": 0.1242, ""meaning"": ""突破该价位说明个股趋势修复概率提高"", ""not_trading_instruction"": true, ""price"": 445.6, ""source"": ""recent_high + scenario_path""}}","{""conflicting"": [""大盘风险背景压低个股置信度"", ""成交量不确认当前路径"", ""个股相对弱于大盘/benchmark"", ""公司新闻或财报事件风险上升"", ""历史相似结构与主路径冲突"", ""个股 Alpha 评分已接入"", ""主路径和第二路径差距较小""], ""market_context"": ""risk_off_pressure"", ""missing"": [""options_volatility"", ""single_stock_options""], ""price_close"": 396.3800048828125, ""sector_relative_strength_20d"": -0.0231, ""supporting"": [""近期公司新闻偏正面。"", ""基础财务指标已接入且收入增长为正。""]}","{""10d"": 390.45, ""1d"": 395.56, ""20d"": 389.76, ""3d"": 394.06, ""5d"": 392.59, ""60d"": 390.09}",,,,,,,,,,,,,,,,,,,,,,,,,,,not_yet_validated,pending,,,,,,,,,,,,false
5dbfbc0c994da67ff87e,2026-06-18,stock,stock_baseline_v1,CEG,CEG,SPY,274.05999755859375,stock_failed_bounce,0.2617,stock_downside_continuation,0.2321,stock_failed_bounce,0.2617,33.02,market_headwind,conflicting,65.06,52.93,24.82,69.5,19.0,0.4296,-0.015,0.1516,0.47,87.5,"{""expected"": 273.53, ""lower"": 268.15, ""upper"": 278.91}","{""bounce_target_zone"": {""base"": 280.63, ""conservative"": 280.63, ""extended"": 319.2, ""meaning"": ""概率反抽情景参考区间，不是目标价承诺。"", ""not_trading_instruction"": true, ""source"": ""scenario_path + atr + recent_resistance""}, ""breakdown_level"": {""confidence"": ""low"", ""distance_pct"": -0.1224, ""meaning"": ""跌破该价位说明个股跌破结构风险上升"", ""not_trading_instruction"": true, ""price"": 240.51, ""source"": ""recent_low + risk_activation""}, ""breakout_level"": {""confidence"": ""low"", ""distance_pct"": 0.1328, ""meaning"": ""突破该价位说明个股突破情景需要重新评估"", ""not_trading_instruction"": true, ""price"": 310.45, ""source"": ""recent_high + primary_confirmation""}, ""failed_bounce_warning_zone"": {""critical_warning"": 240.51, ""first_warning"": 269.14, ""meaning"": ""跌入该区间说明失败反抽风险上升。"", ""not_trading_instruction"": true, ""source"": ""risk_path + atr + recent_support""}, ""nearest_resistance"": {""confidence"": ""low"", ""distance_pct"": 0.0479, ""meaning"": ""最近阻力代理，来自近期高点和 ATR 区间"", ""not_trading_instruction"": true, ""price"": 287.19, ""source"": ""price_structure + volatility_band""}, ""nearest_support"": {""confidence"": ""low"", ""distance_pct"": -0.0319, ""meaning"": ""最近支撑代理，来自近期低点和 ATR 区间"", ""not_trading_instruction"": true, ""price"": 265.31, ""source"": ""price_structure + volatility_band""}, ""primary_confirmation_level"": {""confidence"": ""low"", ""distance_pct"": 0.1328, ""meaning"": ""站上该价位说明个股主路径正在兑现"", ""not_trading_instruction"": true, ""price"": 310.45, ""source"": ""price_structure + scenario_path""}, ""primary_invalidation_level"": {""confidence"": ""low"", ""distance_pct"": -0.1224, ""meaning"": ""跌破该价位说明个股主路径失效概率上升"", ""not_trading_instruction"": true, ""price"": 240.51, ""source"": ""recent_low + volatility_band""}, ""risk_scenario_activation_level"": {""confidence"": ""low"", ""distance_pct"": -0.1224, ""meaning"": ""跌破该价位说明个股风险路径权重上升"", ""not_trading_instruction"": true, ""price"": 240.51, ""source"": ""volatility_band""}, ""trend_repair_confirmation_level"": {""confidence"": ""low"", ""distance_pct"": 0.1328, ""meaning"": ""突破该价位说明个股趋势修复概率提高"", ""not_trading_instruction"": true, ""price"": 310.45, ""source"": ""recent_high + scenario_path""}}","{""conflicting"": [""大盘风险背景压低个股置信度"", ""个股弱于所属板块"", ""个股相对弱于大盘/benchmark"", ""公司新闻或财报事件风险上升"", ""历史相似结构与主路径冲突"", ""个股 Alpha 评分已接入"", ""主路径和第二路径差距较小""], ""market_context"": ""market_headwind"", ""missing"": [""options_volatility"", ""single_stock_options""], ""price_close"": 274.05999755859375, ""sector_relative_strength_20d"": -0.0312, ""supporting"": [""价格结构支持主路径"", ""基础财务指标偏支持""]}","{""10d"": 270.29, ""1d"": 273.53, ""20d"": 269.8, ""3d"": 272.57, ""5d"": 271.64, ""60d"": 269.94}",,,,,,,,,,,,,,,,,,,,,,,,,,,not_yet_validated,pending,3,failed_bounce_risk,MODERATE_OPPORTUNITY,52.95,19.0,89.77,63.45,57.78,"{""high"": 278.91, ""low"": 268.15, ""mid"": 273.53, ""range_pct"": 0.0393}",,,true
9021357d9814432b3d4d,2026-06-18,stock,stock_baseline_v1,NVDA,NVDA,QQQ,210.69000244140625,stock_failed_bounce,0.2678,stock_downside_continuation,0.2402,stock_failed_bounce,0.2678,41.53,market_headwind,conflicting,53.7,57.49,26.86,100,38.5,0.4574,-0.0167,0.1531,0.45,87.5,"{""expected"": 210.24, ""lower"": 206.06, ""upper"": 214.42}","{""bounce_target_zone"": {""base"": 215.79, ""conservative"": 215.79, ""extended"": 239.08, ""meaning"": ""概率反抽情景参考区间，不是目标价承诺。"", ""not_trading_instruction"": true, ""source"": ""scenario_path + atr + recent_resistance""}, ""breakdown_level"": {""confidence"": ""low"", ""distance_pct"": -0.0539, ""meaning"": ""跌破该价位说明个股跌破结构风险上升"", ""not_trading_instruction"": true, ""price"": 199.34, ""source"": ""recent_low + risk_activation""}, ""breakout_level"": {""confidence"": ""low"", ""distance_pct"": 0.1025, ""meaning"": ""突破该价位说明个股突破情景需要重新评估"", ""not_trading_instruction"": true, ""price"": 232.28, ""source"": ""recent_high + primary_confirmation""}, ""failed_bounce_warning_zone"": {""critical_warning"": 199.34, ""first_warning"": 206.87, ""meaning"": ""跌入该区间说明失败反抽风险上升。"", ""not_trading_instruction"": true, ""source"": ""risk_path + atr + recent_support""}, ""nearest_resistance"": {""confidence"": ""low"", ""distance_pct"": 0.0484, ""meaning"": ""最近阻力代理，来自近期高点和 ATR 区间"", ""not_trading_instruction"": true, ""price"": 220.88, ""source"": ""price_structure + volatility_band""}, ""nearest_support"": {""confidence"": ""low"", ""distance_pct"": -0.0323, ""meaning"": ""最近支撑代理，来自近期低点和 ATR 区间"", ""not_trading_instruction"": true, ""price"": 203.89, ""source"": ""price_structure + volatility_band""}, ""primary_confirmation_level"": {""confidence"": ""low"", ""distance_pct"": 0.1025, ""meaning"": ""站上该价位说明个股主路径正在兑现"", ""not_trading_instruction"": true, ""price"": 232.28, ""source"": ""price_structure + scenario_path""}, ""primary_invalidation_level"": {""confidence"": ""low"", ""distance_pct"": -0.0539, ""meaning"": ""跌破该价位说明个股主路径失效概率上升"", ""not_trading_instruction"": true, ""price"": 199.34, ""source"": ""recent_low + volatility_band""}, ""risk_scenario_activation_level"": {""confidence"": ""low"", ""distance_pct"": -0.0539, ""meaning"": ""跌破该价位说明个股风险路径权重上升"", ""not_trading_instruction"": true, ""price"": 199.34, ""source"": ""volatility_band""}, ""trend_repair_confirmation_level"": {""confidence"": ""low"", ""distance_pct"": 0.1025, ""meaning"": ""突破该价位说明个股趋势修复概率提高"", ""not_trading_instruction"": true, ""price"": 232.28, ""source"": ""recent_high + scenario_path""}}","{""conflicting"": [""大盘风险背景压低个股置信度"", ""个股弱于所属板块"", ""个股相对弱于大盘/benchmark"", ""公司新闻或财报事件风险上升"", ""个股 Alpha 评分已接入"", ""主路径和第二路径差距较小""], ""market_context"": ""market_headwind"", ""missing"": [""options_volatility"", ""single_stock_options""], ""price_close"": 210.69000244140625, ""sector_relative_strength_20d"": -0.1379, ""supporting"": [""基础财务指标偏支持"", ""历史相似结构支持主路径""]}","{""10d"": 207.55, ""1d"": 210.24, ""20d"": 207.12, ""3d"": 209.44, ""5d"": 208.66, ""60d"": 207.18}",,,,,,,,,,,,,,,,,,,,,,,,,,,not_yet_validated,pending,2,failed_bounce_risk,MODERATE_OPPORTUNITY,55.94,38.5,85.59,63.68,57.51,"{""high"": 214.42, ""low"": 206.06, ""mid"": 210.24, ""range_pct"": 0.0397}",,,true
bf23ea2b3b8f46e70517,2026-06-18,stock,stock_baseline_v1,SMR,SMR,IWM,11.739999771118164,stock_failed_bounce,0.2107,stock_bounce,0.1908,stock_failed_bounce,0.2107,43.97,risk_off_pressure,supportive,90.8,68.56,48.78,64.3,17.0,0.507,-0.0017,0.3887,0.71,87.5,"{""expected"": 11.72, ""lower"": 11.13, ""upper"": 12.31}","{""bounce_target_zone"": {""base"": 12.46, ""conservative"": 12.46, ""extended"": 15.26, ""meaning"": ""概率反抽情景参考区间，不是目标价承诺。"", ""not_trading_instruction"": true, ""source"": ""scenario_path + atr + recent_resistance""}, ""breakdown_level"": {""confidence"": ""low"", ""distance_pct"": -0.2232, ""meaning"": ""跌破该价位说明个股跌破结构风险上升"", ""not_trading_instruction"": true, ""price"": 9.12, ""source"": ""recent_low + risk_activation""}, ""breakout_level"": {""confidence"": ""low"", ""distance_pct"": 0.2181, ""meaning"": ""突破该价位说明个股突破情景需要重新评估"", ""not_trading_instruction"": true, ""price"": 14.3, ""source"": ""recent_high + primary_confirmation""}, ""failed_bounce_warning_zone"": {""critical_warning"": 9.12, ""first_warning"": 11.2, ""meaning"": ""跌入该区间说明失败反抽风险上升。"", ""not_trading_instruction"": true, ""source"": ""risk_path + atr + recent_support""}, ""nearest_resistance"": {""confidence"": ""low"", ""distance_pct"": 0.1228, ""meaning"": ""最近阻力代理，来自近期高点和 ATR 区间"", ""not_trading_instruction"": true, ""price"": 13.18, ""source"": ""price_structure + volatility_band""}, ""nearest_support"": {""confidence"": ""low"", ""distance_pct"": -0.0818, ""meaning"": ""最近支撑代理，来自近期低点和 ATR 区间"", ""not_trading_instruction"": true, ""price"": 10.78, ""source"": ""price_structure + volatility_band""}, ""primary_confirmation_level"": {""confidence"": ""low"", ""distance_pct"": 0.2181, ""meaning"": ""站上该价位说明个股主路径正在兑现"", ""not_trading_instruction"": true, ""price"": 14.3, ""source"": ""price_structure + scenario_path""}, ""primary_invalidation_level"": {""confidence"": ""low"", ""distance_pct"": -0.2232, ""meaning"": ""跌破该价位说明个股主路径失效概率上升"", ""not_trading_instruction"": true, ""price"": 9.12, ""source"": ""recent_low + volatility_band""}, ""risk_scenario_activation_level"": {""confidence"": ""low"", ""distance_pct"": -0.2232, ""meaning"": ""跌破该价位说明个股风险路径权重上升"", ""not_trading_instruction"": true, ""price"": 9.12, ""source"": ""volatility_band""}, ""trend_repair_confirmation_level"": {""confidence"": ""low"", ""distance_pct"": 0.2181, ""meaning"": ""突破该价位说明个股趋势修复概率提高"", ""not_trading_instruction"": true, ""price"": 14.3, ""source"": ""recent_high + scenario_path""}}","{""conflicting"": [""大盘风险背景压低个股置信度"", ""基础财务指标偏弱"", ""历史相似结构与主路径冲突"", ""个股 Alpha 评分已接入"", ""主路径和第二路径差距较小""], ""market_context"": ""risk_off_pressure"", ""missing"": [""options_volatility"", ""single_stock_options""], ""price_close"": 11.739999771118164, ""sector_relative_strength_20d"": 0.1243, ""supporting"": [""个股跑赢所属板块"", ""价格结构支持主路径"", ""成交量确认当前路径"", ""近期公司新闻偏支持""]}","{""10d"": 11.58, ""1d"": 11.72, ""20d"": 11.61, ""3d"": 11.68, ""5d"": 11.63, ""60d"": 11.72}",,,,,,,,,,,,,,,,,,,,,,,,,,,not_yet_validated,pending,1,failed_bounce_risk,MODERATE_OPPORTUNITY,62.02,17.0,100,64.16,54.75,"{""high"": 12.31, ""low"": 11.13, ""mid"": 11.72, ""range_pct"": 0.1005}",,,true
4531b00c8231bc8fadda,2026-06-18,stock,stock_baseline_v1,TSLA,TSLA,QQQ,400.489990234375,stock_failed_bounce,0.2646,stock_downside_continuation,0.23,stock_failed_bounce,0.2646,32.72,market_headwind,conflicting,44.23,52.47,15.79,100,0,0.317,-0.0172,0.1744,0.48,87.5,"{""expected"": 399.6, ""lower"": 390.55, ""upper"": 408.64}","{""bounce_target_zone"": {""base"": 411.52, ""conservative"": 411.52, ""extended"": 460.31, ""meaning"": ""概率反抽情景参考区间，不是目标价承诺。"", ""not_trading_instruction"": true, ""source"": ""scenario_path + atr + recent_resistance""}, ""breakdown_level"": {""confidence"": ""low"", ""distance_pct"": -0.0508, ""meaning"": ""跌破该价位说明个股跌破结构风险上升"", ""not_trading_instruction"": true, ""price"": 380.15, ""source"": ""recent_low + risk_activation""}, ""breakout_level"": {""confidence"": ""low"", ""distance_pct"": 0.1126, ""meaning"": ""突破该价位说明个股突破情景需要重新评估"", ""not_trading_instruction"": true, ""price"": 445.6, ""source"": ""recent_high + primary_confirmation""}, ""failed_bounce_warning_zone"": {""critical_warning"": 380.15, ""first_warning"": 392.22, ""meaning"": ""跌入该区间说明失败反抽风险上升。"", ""not_trading_instruction"": true, ""source"": ""risk_path + atr + recent_support""}, ""nearest_resistance"": {""confidence"": ""low"", ""distance_pct"": 0.0551, ""meaning"": ""最近阻力代理，来自近期高点和 ATR 区间"", ""not_trading_instruction"": true, ""price"": 422.55, ""source"": ""price_structure + volatility_band""}, ""nearest_support"": {""confidence"": ""low"", ""distance_pct"": -0.0367, ""meaning"": ""最近支撑代理，来自近期低点和 ATR 区间"", ""not_trading_instruction"": true, ""price"": 385.78, ""source"": ""price_structure + volatility_band""}, ""primary_confirmation_level"": {""confidence"": ""low"", ""distance_pct"": 0.1126, ""meaning"": ""站上该价位说明个股主路径正在兑现"", ""not_trading_instruction"": true, ""price"": 445.6, ""source"": ""price_structure + scenario_path""}, ""primary_invalidation_level"": {""confidence"": ""low"", ""distance_pct"": -0.0508, ""meaning"": ""跌破该价位说明个股主路径失效概率上升"", ""not_trading_instruction"": true, ""price"": 380.15, ""source"": ""recent_low + volatility_band""}, ""risk_scenario_activation_level"": {""confidence"": ""low"", ""distance_pct"": -0.0508, ""meaning"": ""跌破该价位说明个股风险路径权重上升"", ""not_trading_instruction"": true, ""price"": 380.15, ""source"": ""volatility_band""}, ""trend_repair_confirmation_level"": {""confidence"": ""low"", ""distance_pct"": 0.1126, ""meaning"": ""突破该价位说明个股趋势修复概率提高"", ""not_trading_instruction"": true, ""price"": 445.6, ""source"": ""recent_high + scenario_path""}}","{""conflicting"": [""大盘风险背景压低个股置信度"", ""个股弱于所属板块"", ""个股相对弱于大盘/benchmark"", ""公司新闻或财报事件风险上升"", ""历史相似结构与主路径冲突"", ""个股 Alpha 评分已接入"", ""主路径和第二路径差距较小""], ""market_context"": ""market_headwind"", ""missing"": [""options_volatility"", ""single_stock_options""], ""price_close"": 400.489990234375, ""sector_relative_strength_20d"": -0.0336, ""supporting"": [""近期公司新闻偏正面。"", ""基础财务指标已接入且收入增长为正。""]}","{""10d"": 394.13, ""1d"": 399.6, ""20d"": 393.34, ""3d"": 397.98, ""5d"": 396.4, ""60d"": 393.6}",,,,,,,,,,,,,,,,,,,,,,,,,,,not_yet_validated,pending,4,failed_bounce_risk,WATCH,51.07,35.0,82.78,63.84,56.3,"{""high"": 408.64, ""low"": 390.55, ""mid"": 399.6, ""range_pct"": 0.0452}",,,true
